word,surprisal
Gabriele,4.735764026641846
ti,14.382444381713867
amo,9.65699291229248
tua,10.21692943572998
Francesca,16.73211669921875
